7eee43bd-5891-46ab-81bd-52f709b2609a,6
3ecd1e90-78a9-4d6e-98b8-6b8f12252c0f,6
6c9f5054-dd9a-45d6-bf64-9226c0949b4f,6
731e15e1-4e02-48e7-a76e-a90869c303c2,6
f6bf17c9-18b5-42a0-ac1a-19ea7f842e87,6
21ae7999-c7d8-4076-83d5-02d62c77650a,6
2af4561f-8b2e-455d-a5af-4c266a7c3c2d,6
78458909-1648-488e-a216-82c4b1acfa8b,6
6002fcdb-5a11-44f9-9d33-f1c20135a3cd,6
186e0cde-9b9b-4baf-ad1a-2668c6730405,6
28516e15-f72c-4f35-ab67-9361332172e3,5
aef20717-cd8e-439a-9f38-50b179cf7ce2,5
2ba1efa1-04cd-40bb-9e6e-a38db23c9e42,5
33b641c3-ff6e-4518-bc18-86955e91a1ec,7
853f4ba1-b2c2-4290-8fdf-0654007f60ad,5
211f6203-7ba9-481e-b7e0-68b55459e1e6,7
ade6181b-a29d-42a0-950d-0df5b3f330ba,6
724ad57e-28b7-4423-bd71-ae0760d6c618,8
857fd258-8621-411d-b3b2-19eb32f3df8e,6
c98a147d-9d31-4b0f-9b21-f7de2376b8c3,5
89823e86-d325-4a75-82f4-0a303ac1bab3,8
61cc5f09-0d6b-492b-a71b-7f2d9c087a5c,7
f37d7913-38fa-4d17-9784-caffad963b3b,8
70d56d04-b6a4-4405-8f86-4ef1e8cd103e,5
5b11f7ae-91a7-4117-b8c0-88c86450cc1c,6
d73b7384-11f4-48d8-bc16-27377ff76a5a,6
b06eb27a-aa73-4022-99e8-effe9b76e016,6
278ba1b0-abd3-4423-9606-29524ed66f37,6
34c18dc6-57cc-49a4-a637-2d83ad477ce8,6
6c38d633-1b22-4f1c-b1a8-c53a69988fb6,7
7ef0a9d3-4c87-449b-85b2-9694a7955b75,6
69b43ee0-48a9-445b-a01a-dcc07d76bce7,6
741e2fff-b88f-4c7d-bc35-ceb3ea69d17a,6
6c3b4601-70cc-4faa-b6ad-01f13673e3a4,6
fc79e581-6e3b-42f5-a394-35870e447ac1,5
1c486931-7706-48fa-9c1c-4fded3817fec,5
424e21f9-b111-4ba8-a3db-e8652d93a51a,5
5d702c8e-69c0-4918-996b-ee9f892c79bc,6
1646cf4c-fb1e-4fe6-b67a-72c58f081794,5
60c36377-fe58-41ac-8112-5b37d8bffc76,5
99d6a600-cdbd-41ed-b611-cb9383d9ef12,6
622c86b5-d519-423a-b588-aacb217fd5d6,6
e655ca3b-871b-454d-b658-c9dfe21fb3e4,6
31a1bba1-66a8-4248-96d3-e29905833e84,6
5fe1d8b8-f8c4-4adc-b78c-56662f150a10,6
0f12db2e-b553-4420-8ece-4eedc2a7f334,7
7b22aeec-9291-420b-98b7-f9d0c71c10f2,4
8a1d0140-16db-45c9-a61e-868f8a5bf511,5
d43f06aa-9917-4210-841a-ffadb14048d0,6
2b4f33c8-cb24-45d6-a56e-c0bef8b0c33e,5
288b73d8-b297-44eb-8d57-d00623f827dd,6
d96303c2-1ee0-427d-9917-cd950b74f30c,7
59de7473-958d-449f-8c36-cbdbbcbd423f,7
0e2a032d-becd-4003-8bec-623378f97181,6
6be2dc4b-269d-4ad4-9108-999c1cf1d415,6
51375792-cb79-464d-b122-0b06f6234051,6
4e3c4537-7eca-44f2-86fe-1c320e28d44e,6
334039a6-e8d2-4e32-bc16-5448d4968825,6
84e10d30-4f5d-40d7-8880-56fd2d9e2182,6
bd40ad06-8eff-488a-ba64-b037c3607d37,6
4371f8ce-6306-47b6-9b7e-cd21b90fe7e4,6
377ae048-af83-4b7d-b829-422f1f594ecb,6
0af8af9f-708b-4917-bd58-9938b3f65ff7,5
3d16e282-6170-4f89-8a17-aa6725230e54,6
b8268eba-dad0-42b1-ac27-3564677abae7,6
6b443917-3967-4c47-98dd-cace14215ea9,5
921dd915-d3a4-4083-86b7-ce1089406e62,7
481dab42-6227-4e82-9731-d9bcd93ac6f8,5
68852a0e-0fd9-444f-9a24-66416a61807f,8
dd431e98-ca0b-4bc7-bd53-df1b6affc5d0,5
53e384f6-3a3c-4789-af02-9394de944642,6
